id,first_name,last_name,email,gender,ip_address
1,Leodora,Fettis,lfettis0@independent.co.uk,Female,113.211.116.220
2,Berti,De Freyne,bdefreyne1@umn.edu,Male,171.210.147.70
3,Wally,Stepney,wstepney2@google.fr,Female,120.247.245.96
4,Lois,Westrope,lwestrope3@engadget.com,Female,208.75.62.27
5,Dix,Bottjer,dbottjer4@foxnews.com,Female,37.180.0.165
6,Gertrud,Bidmead,gbidmead5@columbia.edu,Female,127.49.204.19
7,Wallie,Tregensoe,wtregensoe6@baidu.com,Female,185.226.41.229
8,Emmalynn,Wigg,ewigg7@zimbio.com,Female,123.227.209.44
9,Kaspar,Bauer,kbauer8@wiley.com,Male,164.195.231.7
10,Lay,Truggian,ltruggian9@tinyurl.com,Male,161.128.111.225
11,Mollee,Mebs,mmebsa@dyndns.org,Female,217.202.206.243
12,Janella,Angear,jangearb@smh.com.au,Genderfluid,231.87.131.210
13,Selle,Cheal,schealc@posterous.com,Female,34.223.3.132
14,Shaine,Perview,sperviewd@jalbum.net,Female,95.230.60.217
15,Mirabella,Bausor,mbausore@va.gov,Female,161.236.95.24
16,Dwight,Donan,ddonanf@nifty.com,Male,56.49.90.71
17,Karita,Sweett,ksweettg@yellowbook.com,Female,137.139.109.241
18,Karalee,Tugman,ktugmanh@github.io,Female,185.38.97.86
19,Taffy,Borel,tboreli@ebay.com,Female,200.183.164.153
20,Eunice,Stryde,estrydej@yelp.com,Female,115.94.164.70
21,Shina,Seldner,sseldnerk@freewebs.com,Female,209.242.197.250
22,Collin,Forrester,cforresterl@wordpress.com,Male,4.84.232.198
23,Chalmers,Petel,cpetelm@gizmodo.com,Male,99.71.58.165
24,Vale,Pizzey,vpizzeyn@cdbaby.com,Female,87.48.58.252
25,Mikkel,Doblin,mdoblino@prweb.com,Male,194.204.114.178
26,Leupold,Ryman,lrymanp@e-recht24.de,Male,38.187.55.213
27,Lanni,Queste,lquesteq@barnesandnoble.com,Female,193.226.244.197
28,Cazzie,Eamer,ceamerr@unicef.org,Male,85.90.52.114
29,Fee,Dwelling,fdwellings@ehow.com,Male,226.52.252.138
30,Constantin,Dallywater,cdallywatert@domainmarket.com,Male,46.107.66.127
31,Maryanne,Birrane,mbirraneu@jiathis.com,Female,224.55.59.95
32,Cheri,Goodban,cgoodbanv@ca.gov,Female,241.232.252.196
33,Elsworth,Bibby,ebibbyw@java.com,Male,119.26.200.200
34,Alane,Hritzko,ahritzkox@wordpress.org,Female,69.184.189.33
35,Tootsie,Dumper,tdumpery@irs.gov,Female,30.129.35.205
36,Kathrine,Sandbrook,ksandbrookz@vistaprint.com,Female,94.138.202.247
37,Siobhan,Gringley,sgringley10@dropbox.com,Female,145.187.122.142
38,Manfred,LLelweln,mllelweln11@merriam-webster.com,Male,26.197.168.163
39,Karla,Puckinghorne,kpuckinghorne12@pcworld.com,Female,19.191.52.198
40,Sterling,Simnor,ssimnor13@ask.com,Male,48.47.143.132
41,Claudian,Goldhawk,cgoldhawk14@photobucket.com,Male,184.95.123.105
42,Kimberli,MacCaull,kmaccaull15@studiopress.com,Female,180.249.200.237
43,Claudius,Staker,cstaker16@sfgate.com,Male,227.42.199.57
44,Marion,Issakov,missakov17@wiley.com,Female,45.7.127.70
45,Tamas,Isles,tisles18@bing.com,Male,125.5.55.227
46,Zerk,Hritzko,zhritzko19@omniture.com,Male,10.100.224.7
47,Elenore,Bortolutti,ebortolutti1a@gnu.org,Female,193.118.227.70
48,Yasmin,Geffe,ygeffe1b@slate.com,Non-binary,155.68.234.198
49,Clerc,Giovannini,cgiovannini1c@nydailynews.com,Male,119.231.160.236
50,Kassi,Shevlane,kshevlane1d@usnews.com,Female,144.90.124.0
51,Rey,Wybern,rwybern1e@telegraph.co.uk,Female,174.177.78.205
52,Dorry,Vasyutichev,dvasyutichev1f@squidoo.com,Female,2.120.37.111
53,Angus,Clancy,aclancy1g@github.com,Male,104.160.201.12
54,Vidovic,Stuckford,vstuckford1h@mysql.com,Male,147.238.199.94
55,Welby,Lodder,wlodder1i@amazon.com,Male,222.251.54.54
56,Hermie,Kovnot,hkovnot1j@usa.gov,Male,121.183.113.127
57,Jeanna,Edwick,jedwick1k@bravesites.com,Female,95.216.4.89
58,Tobye,Lefwich,tlefwich1l@joomla.org,Female,225.162.16.128
59,Clarinda,Banbrigge,cbanbrigge1m@google.com,Female,200.205.75.43
60,Tris,Abrahm,tabrahm1n@wikimedia.org,Male,133.20.128.34
61,Suki,Poacher,spoacher1o@weebly.com,Female,240.215.115.81
62,Andie,Girdler,agirdler1p@yolasite.com,Male,115.226.31.210
63,Colan,Yarn,cyarn1q@nature.com,Male,186.213.144.136
64,Donica,Neill,dneill1r@opensource.org,Female,173.86.44.104
65,Laura,Robic,lrobic1s@amazon.de,Genderqueer,251.190.142.124
66,Athene,Iacovuzzi,aiacovuzzi1t@jimdo.com,Female,159.44.48.184
67,Teresa,de Zamora,tdezamora1u@theguardian.com,Genderqueer,233.34.155.53
68,Micheline,Rozet,mrozet1v@theglobeandmail.com,Female,31.18.176.28
69,Pippo,Vallack,pvallack1w@netvibes.com,Male,208.142.228.170
70,Brandyn,Kubu,bkubu1x@usnews.com,Male,144.158.2.65
71,Weston,Joyson,wjoyson1y@livejournal.com,Male,163.92.181.183
72,Dean,Cockell,dcockell1z@aboutads.info,Bigender,230.81.98.153
73,Wendeline,Hindmoor,whindmoor20@wikipedia.org,Female,193.57.191.129
74,Celinka,Matic,cmatic21@com.com,Female,83.82.163.130
75,Stuart,Schrinel,sschrinel22@wisc.edu,Male,51.193.39.210
76,Johnathon,Etter,jetter23@about.com,Male,82.119.29.105
77,Aline,Lukianovich,alukianovich24@naver.com,Female,169.0.72.121
78,Rick,Cluelow,rcluelow25@guardian.co.uk,Genderqueer,37.158.117.224
79,Barrett,Abramovitz,babramovitz26@mit.edu,Male,23.160.107.195
80,Alfonse,Bowerman,abowerman27@zdnet.com,Male,208.121.112.177
81,Mahala,Werndly,mwerndly28@netlog.com,Female,205.83.18.108
82,Alvis,Tills,atills29@java.com,Male,57.88.168.182
83,Robby,Joao,rjoao2a@craigslist.org,Female,100.222.197.11
84,Drusi,Drillingcourt,ddrillingcourt2b@friendfeed.com,Female,213.137.243.4
85,Imojean,Kunzler,ikunzler2c@google.com.hk,Female,20.61.0.48
86,Sanderson,Lafond,slafond2d@surveymonkey.com,Male,162.109.60.156
87,Avivah,Morrow,amorrow2e@chron.com,Female,211.212.192.192
88,Vanna,Crosskell,vcrosskell2f@biblegateway.com,Female,83.206.98.155
89,Willdon,Welton,wwelton2g@yolasite.com,Male,103.104.3.85
90,Udale,Fabry,ufabry2h@lycos.com,Male,198.23.13.108
91,Cliff,Bains,cbains2i@wsj.com,Male,3.249.240.226
92,Nap,Baudts,nbaudts2j@icio.us,Male,16.142.196.101
93,Jody,Maharry,jmaharry2k@nhs.uk,Female,1.250.195.114
94,Seth,Poat,spoat2l@squidoo.com,Male,109.73.127.43
95,Val,Crosi,vcrosi2m@examiner.com,Male,67.218.127.92
96,Doro,Pottinger,dpottinger2n@list-manage.com,Female,234.2.132.166
97,Devondra,De Paoli,ddepaoli2o@stanford.edu,Female,33.46.212.226
98,Kelsi,Dincey,kdincey2p@miitbeian.gov.cn,Genderqueer,175.40.117.169
99,Adolphe,Tapner,atapner2q@tinypic.com,Male,56.111.147.154
100,Melinde,Rolfi,mrolfi2r@epa.gov,Female,96.109.136.21
